<?xml version="1.0" encoding="UTF-8"?>
<devices>
   <dna-3-a1>
      <data>
         <role>access</role>
         <site>atc56</site>
         <type>network_device</type>
      </data>
      <groups>
         <element>dna_3</element>
      </groups>
      <hostname>dna-3-a1.campus.wwtatc.local</hostname>
      <password>WWTwwt1!</password>
      <platform>ios</platform>
      <port>22</port>
      <username>wwt</username>
   </dna-3-a1>
   <dna-3-a2>
      <data>
         <role>access</role>
         <site>atc56</site>
         <type>network_device</type>
      </data>
      <groups>
         <element>dna_3</element>
      </groups>
      <hostname>dna-3-a2.campus.wwtatc.local</hostname>
      <password>WWTwwt1!</password>
      <platform>ios</platform>
      <port>22</port>
      <username>wwt</username>
   </dna-3-a2>
   <dna-3-d1>
      <data>
         <role>distribution</role>
         <site>atc56</site>
         <type>network_device</type>
      </data>
      <groups>
         <element>dna_3</element>
      </groups>
      <hostname>dna-3-d1.campus.wwtatc.local</hostname>
      <password>WWTwwt1!</password>
      <platform>ios</platform>
      <port>22</port>
      <username>wwt</username>
   </dna-3-d1>
   <dna-3-d2>
      <data>
         <role>distribution</role>
         <site>atc56</site>
         <type>network_device</type>
      </data>
      <groups>
         <element>dna_3</element>
      </groups>
      <hostname>dna-3-d2.campus.wwtatc.local</hostname>
      <password>WWTwwt1!</password>
      <platform>ios</platform>
      <port>22</port>
      <username>wwt</username>
   </dna-3-d2>
   <nxos1>
      <data>
         <role>access</role>
         <site>atc56</site>
         <type>network_device</type>
      </data>
      <groups>
         <element>dna_3</element>
      </groups>
      <hostname>172.16.1.88</hostname>
      <password>admin</password>
      <platform>nxos</platform>
      <port>443</port>
      <username>admin</username>
   </nxos1>
</devices>